address,business_name,city,first_review_date,food_tags,last_review_date,rating,review_num,state,street,zip5
"1702 W Camelback Rd,Phoenix, AZ 85015",Milk Run,Phoenix,6/14/2017,Coffee & Tea/Bubble Tea/Ice Cream & Frozen Yogurt,10/29/2020,4,469,AZ,1702 W Camelback Rd,85015
"914 E Camelback Rd,Unit 4B,Phoenix, AZ 85014",Snoh Ice Shavery,Phoenix,4/30/2013,Shaved Ice/Desserts/Bubble Tea,10/5/2020,4,720,AZ,914 E Camelback Rd,85014
"10720 W Indian School Rd,Ste 79,Phoenix, AZ 85037",M T The Boba Bar,Phoenix,5/14/2018,Coffee & Tea/Bubble Tea/Desserts,10/30/2020,4,168,AZ,10720 W Indian School Rd,85037
"21001 North Tatum Blvd,Ste 36-1230,Phoenix, AZ 85050",Sharetea,Phoenix,9/27/2019,Bubble Tea/Coffee & Tea/Juice Bars & Smoothies,10/25/2020,4,75,AZ,21001 North Tatum Blvd,85050
"3624 E Bell Rd,Unit C,Phoenix, AZ 85032",Dingle Berries Coffee Tea & Juice,Phoenix,6/30/2020,Coffee & Tea/Juice Bars & Smoothies/Bubble Tea,10/11/2020,5,51,AZ,3624 E Bell Rd,85032
"4700 N Central Ave,Ste 105,Phoenix, AZ 85012",Scooptopia,Phoenix,8/15/2019,Ice Cream & Frozen Yogurt/Bubble Tea/Shaved Ice,10/30/2020,5,121,AZ,4700 N Central Ave,85012
"1301 E University Dr,Tempe, AZ 85281",Republic Ramen + Noodles,Tempe,4/6/2010,Ramen/Noodles,10/25/2020,3,730,AZ,1301 E University Dr,85281
"15111 N Hayden Rd,Ste 110,Scottsdale, AZ 85260",Saigon Nites Vietnamese Cuisine,Scottsdale,1/23/2008,Vietnamese,10/16/2020,3,311,AZ,15111 N Hayden Rd,85260
"7700 W Arrowhead Towne Ctr,2nd fl in front of Puppies n love and Vissionworks,Glendale, AZ 85308",Pinoy's Coffee and Boba,Glendale,3/2/2016,Coffee & Tea/Bubble Tea/Juice Bars & Smoothies,1/15/2020,3,12,AZ,7700 W Arrowhead Towne Ctr,85308
"4810 E Ray Rd,Ste 7A,Phoenix, AZ 85044",Yummies Yogurt,Phoenix,7/8/2015,Bubble Tea/Ice Cream & Frozen Yogurt,9/5/2020,4,51,AZ,4810 E Ray Rd,85044
"Scottsdale Fashion Square Mall,7014 E Camelback Rd, Palm Court - P2,Scottsdale, AZ 85251",Boba Tea Company,Scottsdale,3/3/2016,Bubble Tea,10/23/2020,3,126,AZ,Scottsdale Fashion Square Mall,85251
"6766 W Glendale Ave,Glendale, AZ 85303",Aloha Tea & Coffee,Glendale,5/3/2019,Coffee & Tea,10/31/2020,4,80,AZ,6766 W Glendale Ave,85303
"2320 E Baseline Rd,Ste 162,Phoenix, AZ 85042",Best Donuts,Phoenix,1/21/2014,Donuts/Bubble Tea/Coffee & Tea,10/12/2020,5,117,AZ,2320 E Baseline Rd,85042
"888 N 1st Ave,Unit 105,Phoenix, AZ 85003",Fatty Daddy's,Phoenix,2/15/2020,Ice Cream & Frozen Yogurt/Bubble Tea/Coffee & Tea,9/26/2020,3,15,AZ,888 N 1st Ave,85003
"66 S Dobson Rd,Ste 150,Mesa, AZ 85202",Tea Snow,Mesa,6/2/2013,Coffee & Tea/Bubble Tea/Juice Bars & Smoothies,10/17/2020,4,255,AZ,66 S Dobson Rd,85202
"1832 W Broadway Rd,Ste 105,Mesa, AZ 85202",Miss Dessert,Mesa,3/18/2018,Desserts/Bubble Tea/Juice Bars & Smoothies,10/24/2020,4,202,AZ,1832 W Broadway Rd,85202
"9340 W Northern Ave,Peoria, AZ 85305",Churroholic & Hiccups,Peoria,3/25/2019,Desserts/Coffee & Tea/Ice Cream & Frozen Yogurt,10/30/2020,3,241,AZ,9340 W Northern Ave,85305
"3446 W Camelback Rd,Phoenix, AZ 85017",YobaHut,Phoenix,1/24/2018,Ice Cream & Frozen Yogurt/Bubble Tea/Waffles,10/8/2020,4,62,AZ,3446 W Camelback Rd,85017
"725 S Rural Rd,Ste 107,Tempe, AZ 85281",Tea Swirl,Tempe,7/18/2016,Coffee & Tea/Bubble Tea/Desserts,10/29/2020,4,260,AZ,725 S Rural Rd,85281
"6661 W Bell Rd,Ste 108B,Glendale, AZ 85308",Bubble Cups,Glendale,7/28/2016,Bubble Tea/Juice Bars & Smoothies/Coffee & Tea,8/30/2020,4,142,AZ,6661 W Bell Rd,85308
"3722 E Indian School Rd,Phoenix, AZ 85018",Bosa Donuts,Phoenix,5/26/2011,Donuts/Breakfast & Brunch/Bubble Tea,10/25/2020,4,382,AZ,3722 E Indian School Rd,85018
"5000 S Arizona Mills Cir,Ste 554,Tempe, AZ 85282",Bubble Bee,Tempe,9/25/2016,Bubble Tea,10/13/2020,4,78,AZ,5000 S Arizona Mills Cir,85282
"4015 E Bell Rd,Ste 132,Phoenix, AZ 85032",Tea Stop,Phoenix,1/15/2019,Coffee & Tea/Juice Bars & Smoothies/Bubble Tea,9/16/2020,5,119,AZ,4015 E Bell Rd,85032
"3126 S Mill Ave,Tempe, AZ 85282",DaYung's Tea,Tempe,8/14/2017,Bubble Tea/Juice Bars & Smoothies/Coffee & Tea,10/16/2020,4,400,AZ,3126 S Mill Ave,85282
"2470 W Happy Valley Rd,Ste 1183,Phoenix, AZ 85085",Urban Boba Tea House,Phoenix,7/22/2014,Bubble Tea/Coffee & Tea,10/26/2020,4,203,AZ,2470 W Happy Valley Rd,85085
"15147 N Scottsdale Rd,Scottsdale, AZ 85260",Bubble Bee,Scottsdale,2/9/2019,Bubble Tea,10/25/2020,3,88,AZ,15147 N Scottsdale Rd,85260
"3015 E Thomas Rd,Ste 16,Phoenix, AZ 85016",Cajeta Churro Cafe,Phoenix,10/15/2019,Coffee & Tea/Bubble Tea/Juice Bars & Smoothies,10/21/2020,5,9,AZ,3015 E Thomas Rd,85016
"16487 W Bell Rd,Ste 105,Surprise, AZ 85388",Sumo Snow,Surprise,7/22/2017,Bubble Tea/Shaved Ice/Juice Bars & Smoothies,10/29/2020,4,238,AZ,16487 W Bell Rd,85388
"425 S Mill Ave,Ste 109,Tempe, AZ 85281",Kung Fu Tea,Tempe,1/29/2018,Coffee & Tea/Juice Bars & Smoothies/Bubble Tea,10/2/2020,4,109,AZ,425 S Mill Ave,85281
"9184 W Northern Ave,Glendale, AZ 85305",Tastea,Glendale,4/27/2019,Bubble Tea/Juice Bars & Smoothies/Tea Rooms,9/28/2020,4,137,AZ,9184 W Northern Ave,85305
"3245 W Ray Rd,Ste 3,Chandler, AZ 85226",Rewind - Ice Cream + Boba Tea,Chandler,9/16/2018,Desserts/Bubble Tea/Ice Cream & Frozen Yogurt,10/25/2020,4,226,AZ,3245 W Ray Rd,85226
"1250 E Apache Blvd,Ste 112,Tempe, AZ 85281",Mango Rabbit,Tempe,3/17/2018,Bubble Tea/Juice Bars & Smoothies/Tea Rooms,10/30/2020,4,344,AZ,1250 E Apache Blvd,85281
"743 E Bell Rd,Phoenix, AZ 85022",Tastea Boba,Phoenix,6/24/2019,Vietnamese,10/24/2020,4,76,AZ,743 E Bell Rd,85022
"15591 W Roosevelt St,Ste 110,Goodyear, AZ 85338",Bobazona,Goodyear,8/3/2020,Coffee & Tea/Gelato/Bubble Tea,10/27/2020,4,20,AZ,15591 W Roosevelt St,85338
"2050 N Alma School Rd,Ste 11,Chandler, AZ 85224",Yes Cafe,Chandler,4/24/2014,Taiwanese/Chinese,7/1/2020,4,118,AZ,2050 N Alma School Rd,85224
"922 E Apache Blvd,Ste 106,Tempe, AZ 85281",Tea Moment,Tempe,3/14/2019,Bubble Tea/Desserts/Juice Bars & Smoothies,10/22/2020,3,33,AZ,922 E Apache Blvd,85281
"1806 E Southern Ave,Tempe, AZ 85282",Fusion Tea Lounge,Tempe,6/22/2019,Bubble Tea/Asian Fusion,10/15/2020,4,96,AZ,1806 E Southern Ave,85282
"2055 N Dobson Rd,Chandler, AZ 85224",Boba Tea House,Chandler,6/15/2007,Coffee & Tea/Bubble Tea/Juice Bars & Smoothies,10/21/2020,4,374,AZ,2055 N Dobson Rd,85224
"13000 W Indian School Rd,Ste A-14,Litchfield Park, AZ 85340",Teacup,Litchfield Park,8/10/2018,Coffee & Tea/Desserts/Bubble Tea,10/27/2020,4,175,AZ,13000 W Indian School Rd,85340
"1116 S Dobson Rd,Ste 109,Mesa, AZ 85202",The Street Boba Café,Mesa,5/16/2008,Coffee & Tea/Bubble Tea/Juice Bars & Smoothies,10/25/2020,4,332,AZ,1116 S Dobson Rd,85202
"980 E Pecos Rd,Ste 4,Chandler, AZ 85226",Hot Bamboo,Chandler,9/3/2018,Asian Fusion,10/29/2020,4,58,AZ,980 E Pecos Rd,85226
"4055 S Arizona Ave,Ste 3,Chandler, AZ 85248",DaYung's Tea - Chandler,Chandler,5/28/2019,Bubble Tea/Coffee & Tea,10/9/2020,5,74,AZ,4055 S Arizona Ave,85248
"5055 W Ray Rd,Ste 7,Chandler, AZ 85226",Sumo Snow,Chandler,10/5/2019,Bubble Tea/Coffee & Tea/Juice Bars & Smoothies,10/30/2020,4,90,AZ,5055 W Ray Rd,85226
"140 N Arizona Ave,Chandler, AZ 85225",Sharetea,Chandler,11/24/2019,Bubble Tea/Coffee & Tea/Juice Bars & Smoothies,9/19/2020,4,51,AZ,140 N Arizona Ave,85225
"1900 W Chandler Blvd,Ste 17,Chandler, AZ 85224",Rapha Tea,Chandler,12/15/2018,Bubble Tea/Coffee & Tea/Sandwiches,10/18/2020,4,221,AZ,1900 W Chandler Blvd,85224
"117 E Southern Ave,Tempe, AZ 85282",Sharetea,Tempe,10/14/2019,Bubble Tea/Coffee & Tea/Juice Bars & Smoothies,10/27/2020,3,45,AZ,117 E Southern Ave,85282
"1030 W Broadway Rd,Tempe, AZ 85282",Arizona Donut,Tempe,12/14/2012,Donuts/Bubble Tea/Coffee & Tea,9/29/2020,4,201,AZ,1030 W Broadway Rd,85282
"1139 S Dobson Rd,Ste 101,Mesa, AZ 85202",Boba Tree Lin Tea House,Mesa,5/11/2017,Coffee & Tea/Bubble Tea/Desserts,10/1/2020,4,214,AZ,1139 S Dobson Rd,85202
"1702 W Camelback Rd,Phoenix, AZ 85015",Pho Thanh,Phoenix,8/17/2009,Vietnamese,10/28/2020,4,929,AZ,1702 W Camelback Rd,85015
"1911 W Main St,Mesa, AZ 85201",Cha Tea,Mesa,3/7/2020,Coffee & Tea/Juice Bars & Smoothies/Bubble Tea,10/31/2020,4,41,AZ,1911 W Main St,85201
"4839 E Greenway Rd,Scottsdale, AZ 85254",Boba Day,Scottsdale,12/8/2018,Juice Bars & Smoothies/Bubble Tea/Coffee & Tea,10/31/2020,4,99,AZ,4839 E Greenway Rd,85254
"1015 S Rural Rd,Ste 103,Tempe, AZ 85281",Urban Boba Tea House,Tempe,6/3/2017,Bubble Tea/Coffee & Tea/Sandwiches,10/14/2020,4,87,AZ,1015 S Rural Rd,85281
"7000 E Mayo Blvd,Ste 1084,Phoenix, AZ 85054",Tea Light Cafe,Phoenix,6/5/2007,Vietnamese,10/28/2020,4,401,AZ,7000 E Mayo Blvd,85054
"2340 W Bell Rd,Ste 110,Phoenix, AZ 85023",Banh Mi Bistro Vietnamese Eatery,Phoenix,12/17/2014,Vietnamese/Noodles/Sandwiches,10/31/2020,4,519,AZ,2340 W Bell Rd,85023
"2010 E Brown Rd,Mesa, AZ 85213",Swig,Mesa,7/23/2016,Desserts/Juice Bars & Smoothies/Bubble Tea,8/12/2020,4,77,AZ,2010 E Brown Rd,85213
"5814 W Olive Ave,A101,Glendale, AZ 85302",Rollz N' Boba,Glendale,7/17/2018,Desserts/Ice Cream & Frozen Yogurt/Bubble Tea,,4,56,AZ,5814 W Olive Ave,85302
"2929 N 75th Ave,Ste 29,Phoenix, AZ 85033",The Donut Shoppe,Phoenix,3/3/2019,Donuts/Coffee & Tea/Bubble Tea,3/3/2019,4,1,AZ,2929 N 75th Ave,85033
"2000 E Rio Salado Pkwy,Ste 1069,Tempe, AZ 85281",Zero Degrees,Tempe,5/22/2018,Bubble Tea/Coffee & Tea,8/30/2020,3,289,AZ,2000 E Rio Salado Pkwy,85281
"2200 E Williams Field Rd,Ste 117,Gilbert, AZ 85295",Bubble Bee,Gilbert,6/27/2015,Coffee & Tea/Bubble Tea/Juice Bars & Smoothies,10/27/2020,4,262,AZ,2200 E Williams Field Rd,85295
"20280 N 59th Ave,Ste 106,Glendale, AZ 85308",Teamania,Glendale,4/27/2019,Bubble Tea,10/26/2020,4,94,AZ,20280 N 59th Ave,85308
"1608 N Miller Rd,Ste 5,Scottsdale, AZ 85257",Fatty Daddy's,Scottsdale,1/29/2016,Ice Cream & Frozen Yogurt/Coffee & Tea,10/29/2020,4,544,AZ,1608 N Miller Rd,85257
"9397 E Shea Blvd,Ste 110,Scottsdale, AZ 85260",Scoop and Joy Lounge,Scottsdale,8/20/2016,Coffee & Tea/Ice Cream & Frozen Yogurt/Bubble Tea,10/29/2020,4,421,AZ,9397 E Shea Blvd,85260
"1920 W Broadway Rd,Mesa, AZ 85202",iSnow,Mesa,5/7/2016,Coffee & Tea/Bubble Tea/Ice Cream & Frozen Yogurt,8/19/2019,4,21,AZ,1920 W Broadway Rd,85202
"319 N Litchfield Rd,Ste 104A,Goodyear, AZ 85338",Teabo,Goodyear,2/28/2017,Coffee & Tea/Sandwiches/Juice Bars & Smoothies,9/13/2020,4,177,AZ,319 N Litchfield Rd,85338
"502 S Dobson Rd,Ste 6,Mesa, AZ 85202",Tea One,Mesa,2/1/2020,Coffee & Tea/Bubble Tea/Juice Bars & Smoothies,10/25/2020,4,14,AZ,502 S Dobson Rd,85202
"7033 E Main St,Ste 100,Scottsdale, AZ 85251",Růže Cake House,Scottsdale,9/8/2014,Bakeries/Macarons/Custom Cakes,10/10/2020,4,173,AZ,7033 E Main St,85251
"6135 N 35th Ave,Ste 143,Phoenix, AZ 85017",Bobaholic Milk Tea Lounge,Phoenix,,Bubble Tea,,,,AZ,6135 N 35th Ave,85017
"6850 E Main St,Scottsdale, AZ 85251",ZuZu,Scottsdale,5/16/2006,American (Traditional)/Breakfast & Brunch/Cocktail Bars,10/28/2020,4,553,AZ,6850 E Main St,85251
"1857 N Scottsdale Rd,Tempe, AZ 85281",Ramen Time,Tempe,10/9/2018,Ramen/Bubble Tea/Beer Bar,,4,166,AZ,1857 N Scottsdale Rd,85281
"49A W Thomas Rd,Phoenix, AZ 85013",Banh Mì & Pho,Phoenix,,Vietnamese/Bubble Tea/Juice Bars & Smoothies,,,,AZ,49A W Thomas Rd,85013
"1705 E Broadway Rd,Tempe, AZ 85282",Boba Boss at SakeBomber Sushi,Tempe,,Bubble Tea,,,,AZ,1705 E Broadway Rd,85282
"4311 E Baseline Rd,Gilbert, AZ 85234",Swig,Gilbert,9/10/2015,Desserts/Juice Bars & Smoothies/Bubble Tea,9/29/2020,4,154,AZ,4311 E Baseline Rd,85234
"7611 W Thomas Rd,Phoenix, AZ 85033",Boba Tea Company,Phoenix,12/7/2019,Bubble Tea,10/23/2020,3,2,AZ,7611 W Thomas Rd,85033
"2015 North Dobson Rd,unit 9,Chandler, AZ 85224",Urbanh Cafe,Chandler,5/25/2018,Bubble Tea/Juice Bars & Smoothies/Sandwiches,9/27/2020,4,130,AZ,2015 North Dobson Rd,85224
"66 S Dobson Rd,Ste 145,Mesa, AZ 85202",Tea Avenue,Mesa,7/27/2019,Bubble Tea/Juice Bars & Smoothies,10/17/2020,4,30,AZ,66 S Dobson Rd,85202
"1649 S Stapley Dr,Mesa, AZ 85204",Zero Degrees,Mesa,8/31/2018,Bubble Tea/Coffee & Tea/Chicken Wings,10/27/2020,3,183,AZ,1649 S Stapley Dr,85204
"4729 W Olive Ave,Glendale, AZ 85302",Rainbow Donuts,Glendale,11/21/2014,Donuts/Coffee & Tea/Bubble Tea,5/18/2020,4,58,AZ,4729 W Olive Ave,85302
"9897 W Mcdowell Rd,Ste 220,Tolleson, AZ 85353",Bomboba,Tolleson,12/8/2015,Coffee & Tea/Juice Bars & Smoothies/Desserts,10/14/2020,3,177,AZ,9897 W Mcdowell Rd,85353
"1919 W Main St,Mesa, AZ 85201",H Mart Mesa,Mesa,6/11/2020,Korean/Grocery/Food Court,10/30/2020,4,101,AZ,1919 W Main St,85201
"2700 W Baseline Rd,Ste 129,Tempe, AZ 85283",Boba & Donuts,Tempe,8/8/2017,Donuts/Bubble Tea,10/15/2020,4,27,AZ,2700 W Baseline Rd,85283
"1152 N Power Rd,Ste 106,Mesa, AZ 85205",Dutch Donut Factory,Mesa,5/24/2014,Donuts/Juice Bars & Smoothies/Bubble Tea,10/31/2020,4,134,AZ,1152 N Power Rd,85205
"2531 S Gilbert Rd,Ste 104,Gilbert, AZ 85295",Boba Bliss,Gilbert,6/24/2016,Juice Bars & Smoothies/Coffee & Tea/Bubble Tea,9/25/2020,4,115,AZ,2531 S Gilbert Rd,85295
"3536 W Baseline Rd,Phoenix, AZ 85339",Sunrise Donuts,Phoenix,,Donuts/Breakfast & Brunch/Bagels,9/25/2020,4,167,AZ,3536 W Baseline Rd,85339
"1304 E Chandler Blvd,Ste 104,Phoenix, AZ 85048",Yoasis,Phoenix,10/12/2010,Ice Cream & Frozen Yogurt/Bubble Tea/Juice Bars & Smoothies,,4,63,AZ,1304 E Chandler Blvd,85048
"10160 W Mcdowell Rd,Ste 130,Avondale, AZ 85392",JT Boba House,Avondale,10/14/2014,Coffee & Tea/Bubble Tea/Kombucha,10/9/2020,3,247,AZ,10160 W Mcdowell Rd,85392
"7521 W Cactus Rd,Ste 101,Peoria, AZ 85345",Bomboba,Peoria,2/13/2013,Bubble Tea/Juice Bars & Smoothies/Ice Cream & Frozen Yogurt,10/19/2020,3,298,AZ,7521 W Cactus Rd,85345
"110 S Val Vista Dr,Ste 103,Gilbert, AZ 85296",Fresh Fast Smoothie,Gilbert,1/4/2018,Bubble Tea/Juice Bars & Smoothies/Coffee & Tea,9/13/2020,4,34,AZ,110 S Val Vista Dr,85296
"2919 S Market,Gilbert, AZ 85297",Swig,Gilbert,8/12/2017,Desserts/Juice Bars & Smoothies/Bubble Tea,9/14/2020,3,39,AZ,2919 S Market,85297
"1901 W Warner Rd,Ste 1,Chandler, AZ 85224",Lee's Sandwiches,Chandler,1/11/2006,Sandwiches/Coffee & Tea/Vietnamese,9/28/2020,4,570,AZ,1901 W Warner Rd,85224
"1920 W Broadway Rd,Mesa, AZ 85202",AZ International Marketplace,Mesa,4/20/2016,International Grocery,9/30/2020,3,97,AZ,1920 W Broadway Rd,85202
"4920 W Thunderbird Rd,Ste 110,Glendale, AZ 85306",Pho Avina,Glendale,6/14/2007,Vietnamese/Soup/Salad,10/24/2020,4,375,AZ,4920 W Thunderbird Rd,85306
"7575 W Cactus Rd,Peoria, AZ 85381",Lee Lee International Supermarket,Peoria,2/22/2008,"Seafood Markets/International Grocery/Beer, Wine & Spirits",9/12/2020,4,234,AZ,7575 W Cactus Rd,85381
"16630 W Greenway Rd,Ste 321,Surprise, AZ 85388",Boba Craze,Surprise,6/15/2017,Bubble Tea/Ice Cream & Frozen Yogurt/Juice Bars & Smoothies,10/15/2020,4,55,AZ,16630 W Greenway Rd,85388
"2025 N Dobson Rd,Chandler, AZ 85224",Lee Lee International Supermarkets,Chandler,6/29/2006,"Seafood Markets/Beer, Wine & Spirits/International Grocery",10/17/2020,4,353,AZ,2025 N Dobson Rd,85224
"9380 W Westgate Blvd,Ste d-103,Glendale, AZ 85305",Blendz Boba Tea Lounge,Glendale,2/13/2018,Desserts/Coffee & Tea/Bubble Tea,10/17/2020,3,143,AZ,9380 W Westgate Blvd,85305
"6555 E Southern Ave,Level 1 Kiosk,Mesa, AZ 85206",Boba Tea,Mesa,9/10/2019,Bubble Tea/Coffee & Tea/Juice Bars & Smoothies,9/15/2020,2,7,AZ,6555 E Southern Ave,85206
"1381 N Alma School Rd,Chandler, AZ 85224",Saigon Pho & Seafood,Chandler,6/29/2006,Vietnamese/Seafood/Soup,9/15/2020,4,454,AZ,1381 N Alma School Rd,85224
"3519 W Glendale Ave,Phoenix, AZ 85051",Bosa Donuts,Phoenix,7/8/2009,Donuts,8/27/2020,4,73,AZ,3519 W Glendale Ave,85051
"7700 W Arrowhead Towne Ctr,Glendale, AZ 85308",Boba Tea Company,Glendale,7/15/2017,Bubble Tea,10/28/2020,2,28,AZ,7700 W Arrowhead Towne Ctr,85308
"3128 South Mill Ave,Tempe, AZ 85282",Azusa Ramen,Tempe,8/20/2019,Ramen,10/8/2020,4,119,AZ,3128 South Mill Ave,85282
"7480 W Bell Rd,Ste 108,Glendale, AZ 85308",Zero Degrees,Glendale,9/3/2017,Bubble Tea/Coffee & Tea,10/25/2020,3,475,AZ,7480 W Bell Rd,85308
"13824 W Mcdowell Rd,Ste 103,Goodyear, AZ 85395",Express Donuts,Goodyear,6/2/2012,Coffee & Tea/Donuts,,4,202,AZ,13824 W Mcdowell Rd,85395
"4920 W Thunderbird Rd,Glendale, AZ 85306","Ohya Sushi, Korean Kitchen & Bar",Glendale,3/30/2007,Korean/Sushi Bars/Bars,10/29/2020,3,560,AZ,4920 W Thunderbird Rd,85306
"3111 W Chandler Blvd,Chandler Fashion Ctr,Chandler, AZ 85226",Boba Tea Company,Chandler,6/2/2014,Coffee & Tea/Juice Bars & Smoothies,10/21/2020,3,98,AZ,3111 W Chandler Blvd,85226
"1210 E Southern Ave,Mesa, AZ 85204",Panda Express,Mesa,3/20/2015,Fast Food/Chinese/Bubble Tea,9/6/2020,1,66,AZ,1210 E Southern Ave,85204
"5000 S Arizona Mills Cir,Ste 125,Tempe, AZ 85282",YoYo Yogurt,Tempe,4/28/2009,Ice Cream & Frozen Yogurt/Juice Bars & Smoothies,1/20/2019,2,14,AZ,5000 S Arizona Mills Cir,85282
"6135 N 35th Ave,Ste 143,Phoenix, AZ 85017",Bobaholic Milk Tea Lounge,Phoenix,9/2/2019,Bubble Tea,10/17/2020,4,50,AZ,6135 N 35th Ave,85017
"960 W University Dr,Tempe, AZ 85281",Mochi Fresh,Tempe,9/11/2019,Desserts/Bubble Tea,11/1/2020,4,172,AZ,960 W University Dr,85281
"4750 N Central Ave,Phoenix, AZ 85012",My Tea,Phoenix,5/12/2016,Bubble Tea/Juice Bars & Smoothies/Shaved Snow,10/21/2020,4,151,AZ,4750 N Central Ave,85012
"550 W McDowell Rd,Phoenix, AZ 85003",Pop 'N Tea Bar,Phoenix,1/26/2018,Bubble Tea/Desserts/Ice Cream & Frozen Yogurt,10/29/2020,4,351,AZ,550 W McDowell Rd,85003
